{"cameraMode":{"drawMode":0,"name":"Shaded","section":"Shading Mode"},"sceneLighting":true,"audioPlay":false,"sceneViewState":{"showFog":false,"showMaterialUpdate":false,"showSkybox":false,"showFlares":false,"showImageEffects":false,"showParticleSystems":true},"in2DMode":false,"pivot":{"x":-0.29929402470588686,"y":1.6595258712768555,"z":-0.0262603759765625},"rotation":{"x":0.032990261912345889,"y":0.01499155629426241,"z":0.0004948976566083729,"w":-0.9993430376052856},"size":9.415448188781739,"orthographic":false}